"currSession","currTask","currTrial","stimulus","response","correctResponse","responseTime","sessionNum","round","picType","predictType","age","language","gender","device","intention","comments","pairsCombo","encodeSequence","fillerCombo","predictTestSequence","memoryTestSequence"
"encodePictures","practice","0","large8","j","j","665","1","1","","","","","","","","","","","","",""
"encodePictures","practice","1","large4","j","j","722","1","1","","","","","","","","","","","","",""
"encodePictures","practice","2","large3","j","j","659","1","1","","","","","","","","","","","","",""
"encodePictures","practice","3","large10","j","j","677","1","1","","","","","","","","","","","","",""
"encodePictures","practice","4","large1","j","j","598","1","1","","","","","","","","","","","","",""
"encodePictures","practice","5","small3","k","k","967","1","1","","","","","","","","","","","","",""
"encodePictures","practice","6","large5","j","j","648","1","1","","","","","","","","","","","","",""
"encodePictures","practice","7","small4","k","k","844","1","1","","","","","","","","","","","","",""
"encodePictures","practice","8","small9","k","k","677","1","1","","","","","","","","","","","","",""
"encodePictures","practice","9","large7","j","j","797","1","1","","","","","","","","","","","","",""
"encodePictures","practice","10","large6","j","j","763","1","1","","","","","","","","","","","","",""
"encodePictures","practice","11","large2","j","j","604","1","1","","","","","","","","","","","","",""
"encodePictures","practice","12","small8","k","k","686","1","1","","","","","","","","","","","","",""
"encodePictures","practice","13","large9","j","j","639","1","1","","","","","","","","","","","","",""
"encodePictures","practice","14","small5","k","k","680","1","1","","","","","","","","","","","","",""
"encodePictures","practice","15","small1","k","k","609","1","1","","","","","","","","","","","","",""
"encodePictures","practice","16","small6","k","k","578","1","1","","","","","","","","","","","","",""
"encodePictures","practice","17","small10","k","k","627","1","1","","","","","","","","","","","","",""
"encodePictures","practice","18","small2","k","k","533","1","1","","","","","","","","","","","","",""
"encodePictures","practice","19","small7","no response detected","k","0","1","1","","","","","","","","","","","","",""
"encodePictures","encodePictures","0","d1_20","k","k","587","1","","","","","","","","","","","","","",""
"encodePictures","encodePictures","1","d4_9","j","j","620","1","","","","","","","","","","","","","",""
"encodePictures","encodePictures","2","b1_2","k","k","574","1","","","","","","","","","","","","","",""
"encodePictures","encodePictures","3","d1_6","k","k","566","1","","","","","","","","","","","","","",""
"encodePictures","encodePictures","4","d4_1","j","j","551","1","","","","","","","","","","","","","",""
"encodePictures","encodePictures","5","c1_4","j","k","544","1","","","","","","","","","","","","","",""
"encodePictures","encodePictures","6","b3_10","j","j","786","1","","","","","","","","","","","","","",""
"encodePictures","encodePictures","7","d3_6","j","j","684","1","","","","","","","","","","","","","",""
"encodePictures","encodePictures","8","a3_10","k","j","653","1","","","","","","","","","","","","","",""
"encodePictures","encodePictures","9","b2_26","k","k","671","1","","","","","","","","","","","","","",""
"encodePictures","encodePictures","10","b4_16","j","j","648","1","","","","","","","","","","","","","",""
"encodePictures","encodePictures","11","c4_15","j","j","785","1","","","","","","","","","","","","","",""
"encodePictures","encodePictures","12","c1_30","k","k","603","1","","","","","","","","","","","","","",""
"encodePictures","encodePictures","13","c3_25","j","j","796","1","","","","","","","","","","","","","",""
"encodePictures","encodePictures","14","b1_29","k","k","593","1","","","","","","","","","","","","","",""
"encodePictures","encodePictures","15","c3_10","j","j","586","1","","","","","","","","","","","","","",""
"encodePictures","encodePictures","16","c3_11","j","j","539","1","","","","","","","","","","","","","",""
"encodePictures","encodePictures","17","a1_24","k","k","644","1","","","","","","","","","","","","","",""
"encodePictures","encodePictures","18","a2_30","k","k","510","1","","","","","","","","","","","","","",""
"encodePictures","encodePictures","19","d3_12","j","j","638","1","","","","","","","","","","","","","",""
"encodePictures","encodePictures","20","a3_15","j","j","767","1","","","","","","","","","","","","","",""
"encodePictures","encodePictures","21","b3_14","j","j","704","1","","","","","","","","","","","","","",""
"encodePictures","encodePictures","22","c4_30","j","j","620","1","","","","","","","","","","","","","",""
"encodePictures","encodePictures","23","a1_13","k","k","693","1","","","","","","","","","","","","","",""
"encodePictures","encodePictures","24","a2_16","k","k","582","1","","","","","","","","","","","","","",""
"encodePictures","encodePictures","25","b3_30","j","j","566","1","","","","","","","","","","","","","",""
"encodePictures","encodePictures","26","c2_10","k","k","663","1","","","","","","","","","","","","","",""
"encodePictures","encodePictures","27","a4_25","j","j","646","1","","","","","","","","","","","","","",""
"encodePictures","encodePictures","28","d2_21","k","k","662","1","","","","","","","","","","","","","",""
"encodePictures","encodePictures","29","c4_17","j","j","550","1","","","","","","","","","","","","","",""
"encodePictures","encodePictures","30","c4_24","j","j","576","1","","","","","","","","","","","","","",""
"encodePictures","encodePictures","31","d3_8","j","j","634","1","","","","","","","","","","","","","",""
"encodePictures","encodePictures","32","a3_25","j","j","763","1","","","","","","","","","","","","","",""
"encodePictures","encodePictures","33","c1_9","k","k","588","1","","","","","","","","","","","","","",""
"encodePictures","encodePictures","34","b4_8","j","j","565","1","","","","","","","","","","","","","",""
"encodePictures","encodePictures","35","b2_12","k","k","590","1","","","","","","","","","","","","","",""
"encodePictures","encodePictures","36","c3_5","j","j","567","1","","","","","","","","","","","","","",""
"encodePictures","encodePictures","37","b1_14","k","k","585","1","","","","","","","","","","","","","",""
"encodePictures","encodePictures","38","b3_21","j","j","563","1","","","","","","","","","","","","","",""
"encodePictures","encodePictures","39","c2_25","k","k","629","1","","","","","","","","","","","","","",""
"encodePictures","encodePictures","40","a4_16","j","j","591","1","","","","","","","","","","","","","",""
"encodePictures","encodePictures","41","d2_9","k","k","600","1","","","","","","","","","","","","","",""
"encodePictures","encodePictures","42","b4_13","j","j","618","1","","","","","","","","","","","","","",""
"encodePictures","encodePictures","43","d1_10","k","k","564","1","","","","","","","","","","","","","",""
"encodePictures","encodePictures","44","d4_19","j","j","572","1","","","","","","","","","","","","","",""
"encodePictures","encodePictures","45","b2_28","k","k","630","1","","","","","","","","","","","","","",""
"encodePictures","encodePictures","46","b4_12","j","j","568","1","","","","","","","","","","","","","",""
"encodePictures","encodePictures","47","d1_25","k","k","608","1","","","","","","","","","","","","","",""
"encodePictures","encodePictures","48","d4_4","j","j","560","1","","","","","","","","","","","","","",""
"encodePictures","encodePictures","49","c1_29","k","k","602","1","","","","","","","","","","","","","",""
"encodePictures","encodePictures","50","b1_20","k","k","608","1","","","","","","","","","","","","","",""
"encodePictures","encodePictures","51","a1_26","j","k","753","1","","","","","","","","","","","","","",""
"encodePictures","encodePictures","52","a2_27","k","k","681","1","","","","","","","","","","","","","",""
"encodePictures","encodePictures","53","c2_22","k","k","561","1","","","","","","","","","","","","","",""
"encodePictures","encodePictures","54","a1_19","k","k","553","1","","","","","","","","","","","","","",""
"encodePictures","encodePictures","55","a2_12","k","k","538","1","","","","","","","","","","","","","",""
"encodePictures","encodePictures","56","a4_27","j","j","603","1","","","","","","","","","","","","","",""
"encodePictures","encodePictures","57","d2_18","k","k","613","1","","","","","","","","","","","","","",""
"encodePictures","encodePictures","58","d3_23","j","j","581","1","","","","","","","","","","","","","",""
"encodePictures","encodePictures","59","a3_1","j","j","599","1","","","","","","","","","","","","","",""
"encodePictures","encodePictures","60","b2_21","k","k","599","1","","","","","","","","","","","","","",""
"encodePictures","encodePictures","61","c2_4","k","k","552","1","","","","","","","","","","","","","",""
"encodePictures","encodePictures","62","a4_24","j","j","578","1","","","","","","","","","","","","","",""
"encodePictures","encodePictures","63","d2_4","k","k","579","1","","","","","","","","","","","","","",""
"encodePictures","encodePictures","64","b2_17","k","k","716","1","","","","","","","","","","","","","",""
"encodePictures","encodePictures","65","d1_26","k","k","613","1","","","","","","","","","","","","","",""
"encodePictures","encodePictures","66","d4_12","j","j","664","1","","","","","","","","","","","","","",""
"encodePictures","encodePictures","67","a1_15","k","k","648","1","","","","","","","","","","","","","",""
"encodePictures","encodePictures","68","a2_5","k","k","481","1","","","","","","","","","","","","","",""
"encodePictures","encodePictures","69","b1_7","k","k","555","1","","","","","","","","","","","","","",""
"encodePictures","encodePictures","70","c3_7","j","j","723","1","","","","","","","","","","","","","",""
"encodePictures","encodePictures","71","c1_24","k","k","581","1","","","","","","","","","","","","","",""
"encodePictures","encodePictures","72","a4_17","j","j","670","1","","","","","","","","","","","","","",""
"encodePictures","encodePictures","73","d2_6","k","k","903","1","","","","","","","","","","","","","",""
"encodePictures","encodePictures","74","b4_18","j","j","695","1","","","","","","","","","","","","","",""
"encodePictures","encodePictures","75","c4_9","j","j","672","1","","","","","","","","","","","","","",""
"encodePictures","encodePictures","76","c2_8","k","k","698","1","","","","","","","","","","","","","",""
"encodePictures","encodePictures","77","c1_13","k","k","587","1","","","","","","","","","","","","","",""
"encodePictures","encodePictures","78","d3_22","j","j","524","1","","","","","","","","","","","","","",""
"encodePictures","encodePictures","79","a3_30","j","j","676","1","","","","","","","","","","","","","",""
"encodePictures","encodePictures","80","b4_15","j","j","566","1","","","","","","","","","","","","","",""
"encodePictures","encodePictures","81","c4_14","j","j","615","1","","","","","","","","","","","","","",""
"encodePictures","encodePictures","82","d3_7","j","j","592","1","","","","","","","","","","","","","",""
"encodePictures","encodePictures","83","a3_21","j","j","561","1","","","","","","","","","","","","","",""
"encodePictures","encodePictures","84","c1_12","k","k","602","1","","","","","","","","","","","","","",""
"encodePictures","encodePictures","85","d1_19","k","k","587","1","","","","","","","","","","","","","",""
"encodePictures","encodePictures","86","d4_26","j","j","548","1","","","","","","","","","","","","","",""
"encodePictures","encodePictures","87","c2_18","k","k","541","1","","","","","","","","","","","","","",""
"encodePictures","encodePictures","88","c4_27","j","j","559","1","","","","","","","","","","","","","",""
"encodePictures","encodePictures","89","b3_1","j","j","559","1","","","","","","","","","","","","","",""
"encodePictures","encodePictures","90","b1_6","k","k","536","1","","","","","","","","","","","","","",""
"encodePictures","encodePictures","91","a4_20","j","j","473","1","","","","","","","","","","","","","",""
"encodePictures","encodePictures","92","d2_17","k","k","547","1","","","","","","","","","","","","","",""
"encodePictures","encodePictures","93","b2_10","k","k","667","1","","","","","","","","","","","","","",""
"encodePictures","encodePictures","94","a1_5","k","k","652","1","","","","","","","","","","","","","",""
"encodePictures","encodePictures","95","a2_17","k","k","557","1","","","","","","","","","","","","","",""
"encodePictures","encodePictures","96","c2_16","k","k","494","1","","","","","","","","","","","","","",""
"encodePictures","encodePictures","97","b3_11","j","j","550","1","","","","","","","","","","","","","",""
"encodePictures","encodePictures","98","b3_6","j","j","520","1","","","","","","","","","","","","","",""
"encodePictures","encodePictures","99","d1_7","k","k","561","1","","","","","","","","","","","","","",""
"encodePictures","encodePictures","100","d4_3","j","j","505","1","","","","","","","","","","","","","",""
"encodePictures","encodePictures","101","b1_30","k","k","578","1","","","","","","","","","","","","","",""
"encodePictures","encodePictures","102","c3_18","j","j","579","1","","","","","","","","","","","","","",""
"encodePictures","encodePictures","103","b3_17","j","j","604","1","","","","","","","","","","","","","",""
"encodePictures","encodePictures","104","b2_2","k","k","645","1","","","","","","","","","","","","","",""
"encodePictures","encodePictures","105","b4_5","j","j","573","1","","","","","","","","","","","","","",""
"encodePictures","encodePictures","106","c1_19","k","k","614","1","","","","","","","","","","","","","",""
"encodePictures","encodePictures","107","d1_11","k","k","559","1","","","","","","","","","","","","","",""
"encodePictures","encodePictures","108","d4_22","j","j","537","1","","","","","","","","","","","","","",""
"encodePictures","encodePictures","109","d3_4","j","j","543","1","","","","","","","","","","","","","",""
"encodePictures","encodePictures","110","a3_22","j","j","608","1","","","","","","","","","","","","","",""
"encodePictures","encodePictures","111","c3_14","j","j","642","1","","","","","","","","","","","","","",""
"encodePictures","encodePictures","112","a1_23","k","k","546","1","","","","","","","","","","","","","",""
"encodePictures","encodePictures","113","a2_29","k","k","492","1","","","","","","","","","","","","","",""
"encodePictures","encodePictures","114","c2_9","k","k","516","1","","","","","","","","","","","","","",""
"encodePictures","encodePictures","115","a4_10","j","j","517","1","","","","","","","","","","","","","",""
"encodePictures","encodePictures","116","d2_2","k","k","533","1","","","","","","","","","","","","","",""
"encodePictures","encodePictures","117","a1_16","k","k","581","1","","","","","","","","","","","","","",""
"encodePictures","encodePictures","118","a2_19","k","k","541","1","","","","","","","","","","","","","",""
"encodePictures","encodePictures","119","d3_9","j","j","590","1","","","","","","","","","","","","","",""
"encodePictures","encodePictures","120","a3_27","j","j","639","1","","","","","","","","","","","","","",""
"encodePictures","encodePictures","121","b2_18","k","k","551","1","","","","","","","","","","","","","",""
"encodePictures","encodePictures","122","b4_19","j","j","545","1","","","","","","","","","","","","","",""
"encodePictures","encodePictures","123","c4_10","j","j","577","1","","","","","","","","","","","","","",""
"encodePictures","encodePictures","124","a4_6","j","j","618","1","","","","","","","","","","","","","",""
"encodePictures","encodePictures","125","d2_7","k","k","580","1","","","","","","","","","","","","","",""
"encodePictures","encodePictures","126","c3_12","j","j","693","1","","","","","","","","","","","","","",""
"encodePictures","encodePictures","127","b1_25","no response detected","k","0","1","","","","","","","","","","","","","",""
"encodePictures","encodePictures","128","b4_21","no response detected","j","0","1","","","","","","","","","","","","","",""
"encodePictures","encodePictures","129","b1_8","k","k","611","1","","","","","","","","","","","","","",""
"encodePictures","encodePictures","130","d3_29","no response detected","j","0","1","","","","","","","","","","","","","",""
"encodePictures","encodePictures","131","a3_24","j","j","637","1","","","","","","","","","","","","","",""
"encodePictures","encodePictures","132","a4_28","j","j","581","1","","","","","","","","","","","","","",""
"encodePictures","encodePictures","133","d2_22","k","k","559","1","","","","","","","","","","","","","",""
"encodePictures","encodePictures","134","c2_26","k","k","551","1","","","","","","","","","","","","","",""
"encodePictures","encodePictures","135","b4_1","j","j","525","1","","","","","","","","","","","","","",""
"encodePictures","encodePictures","136","b1_24","k","k","574","1","","","","","","","","","","","","","",""
"encodePictures","encodePictures","137","d1_9","k","k","535","1","","","","","","","","","","","","","",""
"encodePictures","encodePictures","138","d4_29","j","j","513","1","","","","","","","","","","","","","",""
"encodePictures","encodePictures","139","c4_22","j","j","568","1","","","","","","","","","","","","","",""
"encodePictures","encodePictures","140","a1_14","k","k","465","1","","","","","","","","","","","","","",""
"encodePictures","encodePictures","141","a2_2","k","k","409","1","","","","","","","","","","","","","",""
"encodePictures","encodePictures","142","b1_3","k","k","698","1","","","","","","","","","","","","","",""
"encodePictures","encodePictures","143","a1_3","k","k","508","1","","","","","","","","","","","","","",""
"encodePictures","encodePictures","144","a2_15","k","k","460","1","","","","","","","","","","","","","",""
"encodePictures","encodePictures","145","a4_5","j","j","526","1","","","","","","","","","","","","","",""
"encodePictures","encodePictures","146","d2_26","k","k","574","1","","","","","","","","","","","","","",""
"encodePictures","encodePictures","147","b2_24","k","k","584","1","","","","","","","","","","","","","",""
"encodePictures","encodePictures","148","b3_16","j","j","537","1","","","","","","","","","","","","","",""
"encodePictures","encodePictures","149","c1_5","k","k","538","1","","","","","","","","","","","","","",""
"encodePictures","encodePictures","150","c3_21","j","j","601","1","","","","","","","","","","","","","",""
"encodePictures","encodePictures","151","d3_13","j","j","667","1","","","","","","","","","","","","","",""
"encodePictures","encodePictures","152","a3_11","j","j","636","1","","","","","","","","","","","","","",""
"encodePictures","encodePictures","153","b3_28","j","j","630","1","","","","","","","","","","","","","",""
"encodePictures","encodePictures","154","c4_11","j","j","575","1","","","","","","","","","","","","","",""
"encodePictures","encodePictures","155","c1_14","k","k","611","1","","","","","","","","","","","","","",""
"encodePictures","encodePictures","156","d3_5","j","j","627","1","","","","","","","","","","","","","",""
"encodePictures","encodePictures","157","a3_9","j","j","724","1","","","","","","","","","","","","","",""
"encodePictures","encodePictures","158","c2_7","k","k","590","1","","","","","","","","","","","","","",""
"encodePictures","encodePictures","159","b2_8","j","k","583","1","","","","","","","","","","","","","",""
"encodePictures","encodePictures","160","b2_13","k","k","632","1","","","","","","","","","","","","","",""
"encodePictures","encodePictures","161","c3_8","j","j","626","1","","","","","","","","","","","","","",""
"encodePictures","encodePictures","162","a1_9","k","k","540","1","","","","","","","","","","","","","",""
"encodePictures","encodePictures","163","a2_22","k","k","502","1","","","","","","","","","","","","","",""
"encodePictures","encodePictures","164","c3_30","j","j","727","1","","","","","","","","","","","","","",""
"encodePictures","encodePictures","165","c4_23","j","j","529","1","","","","","","","","","","","","","",""
"encodePictures","encodePictures","166","d3_14","j","j","498","1","","","","","","","","","","","","","",""
"encodePictures","encodePictures","167","a3_28","j","j","723","1","","","","","","","","","","","","","",""
"encodePictures","encodePictures","168","c2_14","k","k","618","1","","","","","","","","","","","","","",""
"encodePictures","encodePictures","169","b4_24","j","j","632","1","","","","","","","","","","","","","",""
"encodePictures","encodePictures","170","d1_14","k","k","609","1","","","","","","","","","","","","","",""
"encodePictures","encodePictures","171","d4_10","j","j","610","1","","","","","","","","","","","","","",""
"encodePictures","encodePictures","172","b3_13","j","j","619","1","","","","","","","","","","","","","",""
"encodePictures","encodePictures","173","a1_25","k","k","677","1","","","","","","","","","","","","","",""
"encodePictures","encodePictures","174","a2_23","k","k","537","1","","","","","","","","","","","","","",""
"encodePictures","encodePictures","175","c2_3","k","k","554","1","","","","","","","","","","","","","",""
"encodePictures","encodePictures","176","c3_26","j","j","555","1","","","","","","","","","","","","","",""
"encodePictures","encodePictures","177","b2_6","k","k","588","1","","","","","","","","","","","","","",""
"encodePictures","encodePictures","178","b1_9","k","k","537","1","","","","","","","","","","","","","",""
"encodePictures","encodePictures","179","c1_15","k","k","506","1","","","","","","","","","","","","","",""
"encodePictures","encodePictures","180","a4_15","j","j","531","1","","","","","","","","","","","","","",""
"encodePictures","encodePictures","181","d2_24","k","k","548","1","","","","","","","","","","","","","",""
"encodePictures","encodePictures","182","c4_29","j","j","518","1","","","","","","","","","","","","","",""
"encodePictures","encodePictures","183","d1_2","k","k","591","1","","","","","","","","","","","","","",""
"encodePictures","encodePictures","184","d4_18","j","j","560","1","","","","","","","","","","","","","",""
"encodePictures","encodePictures","185","a4_21","j","j","649","1","","","","","","","","","","","","","",""
"encodePictures","encodePictures","186","d2_11","k","k","618","1","","","","","","","","","","","","","",""
"encodePictures","encodePictures","187","b4_23","j","j","571","1","","","","","","","","","","","","","",""
"encodePictures","encodePictures","188","c1_6","k","k","515","1","","","","","","","","","","","","","",""
"encodePictures","encodePictures","189","b3_18","j","j","556","1","","","","","","","","","","","","","",""
"encodePictures","encodePictures","190","d1_28","k","k","537","1","","","","","","","","","","","","","",""
"encodePictures","encodePictures","191","d4_6","j","j","586","1","","","","","","","","","","","","","",""
"encodePictures","encodePictures","192","c3_2","j","j","540","1","","","","","","","","","","","","","",""
"encodePictures","encodePictures","193","b3_5","j","j","567","1","","","","","","","","","","","","","",""
"encodePictures","encodePictures","194","a4_26","j","j","528","1","","","","","","","","","","","","","",""
"encodePictures","encodePictures","195","d2_10","k","k","577","1","","","","","","","","","","","","","",""
"encodePictures","encodePictures","196","b4_9","j","j","562","1","","","","","","","","","","","","","",""
"encodePictures","encodePictures","197","a4_14","j","j","667","1","","","","","","","","","","","","","",""
"encodePictures","encodePictures","198","d2_14","k","k","644","1","","","","","","","","","","","","","",""
"encodePictures","encodePictures","199","c1_7","no response detected","k","0","1","","","","","","","","","","","","","",""
"encodePictures","encodePictures","200","b2_30","no response detected","k","0","1","","","","","","","","","","","","","",""
"encodePictures","encodePictures","201","d1_3","k","k","688","1","","","","","","","","","","","","","",""
"encodePictures","encodePictures","202","d4_17","j","j","618","1","","","","","","","","","","","","","",""
"encodePictures","encodePictures","203","a1_21","k","k","567","1","","","","","","","","","","","","","",""
"encodePictures","encodePictures","204","a2_7","k","k","744","1","","","","","","","","","","","","","",""
"encodePictures","encodePictures","205","b4_28","j","j","512","1","","","","","","","","","","","","","",""
"encodePictures","encodePictures","206","c2_20","k","k","489","1","","","","","","","","","","","","","",""
"encodePictures","encodePictures","207","c4_1","j","j","523","1","","","","","","","","","","","","","",""
"encodePictures","encodePictures","208","b1_15","k","k","540","1","","","","","","","","","","","","","",""
"encodePictures","encodePictures","209","a4_4","j","j","532","1","","","","","","","","","","","","","",""
"encodePictures","encodePictures","210","d2_29","k","k","542","1","","","","","","","","","","","","","",""
"encodePictures","encodePictures","211","c1_16","k","k","567","1","","","","","","","","","","","","","",""
"encodePictures","encodePictures","212","b1_13","k","k","544","1","","","","","","","","","","","","","",""
"encodePictures","encodePictures","213","b2_15","k","k","521","1","","","","","","","","","","","","","",""
"encodePictures","encodePictures","214","b3_9","j","j","571","1","","","","","","","","","","","","","",""
"encodePictures","encodePictures","215","d1_13","k","k","593","1","","","","","","","","","","","","","",""
"encodePictures","encodePictures","216","d4_2","j","j","617","1","","","","","","","","","","","","","",""
"encodePictures","encodePictures","217","c4_5","j","j","586","1","","","","","","","","","","","","","",""
"encodePictures","encodePictures","218","c2_27","k","k","572","1","","","","","","","","","","","","","",""
"encodePictures","encodePictures","219","d3_1","j","j","716","1","","","","","","","","","","","","","",""
"encodePictures","encodePictures","220","a3_26","j","j","663","1","","","","","","","","","","","","","",""
"encodePictures","encodePictures","221","d1_30","k","k","607","1","","","","","","","","","","","","","",""
"encodePictures","encodePictures","222","d4_25","j","j","633","1","","","","","","","","","","","","","",""
"encodePictures","encodePictures","223","c3_3","j","j","593","1","","","","","","","","","","","","","",""
"encodePictures","encodePictures","224","b3_20","j","j","618","1","","","","","","","","","","","","","",""
"encodePictures","encodePictures","225","b1_17","k","k","611","1","","","","","","","","","","","","","",""
"encodePictures","encodePictures","226","a1_17","k","k","972","1","","","","","","","","","","","","","",""
"encodePictures","encodePictures","227","a2_13","k","k","654","1","","","","","","","","","","","","","",""
"encodePictures","encodePictures","228","d1_15","k","k","720","1","","","","","","","","","","","","","",""
"encodePictures","encodePictures","229","d4_15","no response detected","j","0","1","","","","","","","","","","","","","",""
"encodePictures","encodePictures","230","b1_5","k","k","772","1","","","","","","","","","","","","","",""
"encodePictures","encodePictures","231","c1_18","k","k","554","1","","","","","","","","","","","","","",""
"encodePictures","encodePictures","232","c1_10","k","k","468","1","","","","","","","","","","","","","",""
"encodePictures","encodePictures","233","c2_2","k","k","699","1","","","","","","","","","","","","","",""
"encodePictures","encodePictures","234","c2_6","k","k","492","1","","","","","","","","","","","","","",""
"encodePictures","encodePictures","235","a1_1","k","k","549","1","","","","","","","","","","","","","",""
"encodePictures","encodePictures","236","a2_25","k","k","511","1","","","","","","","","","","","","","",""
"encodePictures","encodePictures","237","b2_22","k","k","505","1","","","","","","","","","","","","","",""
"encodePictures","encodePictures","238","a4_11","j","j","658","1","","","","","","","","","","","","","",""
"encodePictures","encodePictures","239","d2_23","k","k","525","1","","","","","","","","","","","","","",""
"encodePictures","encodePictures","240","c3_15","j","j","529","1","","","","","","","","","","","","","",""
"encodePictures","encodePictures","241","d3_24","j","j","610","1","","","","","","","","","","","","","",""
"encodePictures","encodePictures","242","a3_20","j","j","589","1","","","","","","","","","","","","","",""
"encodePictures","encodePictures","243","a1_11","k","k","624","1","","","","","","","","","","","","","",""
"encodePictures","encodePictures","244","a2_26","k","k","562","1","","","","","","","","","","","","","",""
"encodePictures","encodePictures","245","b3_27","j","j","531","1","","","","","","","","","","","","","",""
"encodePictures","encodePictures","246","d3_18","j","j","661","1","","","","","","","","","","","","","",""
"encodePictures","encodePictures","247","a3_23","j","j","749","1","","","","","","","","","","","","","",""
"encodePictures","encodePictures","248","b4_10","j","j","607","1","","","","","","","","","","","","","",""
"encodePictures","encodePictures","249","c4_25","j","j","753","1","","","","","","","","","","","","","",""
"encodePictures","encodePictures","250","c4_28","j","j","681","1","","","","","","","","","","","","","",""
"encodePictures","encodePictures","251","c3_24","j","j","604","1","","","","","","","","","","","","","",""
"encodePictures","encodePictures","252","b4_6","j","j","557","1","","","","","","","","","","","","","",""
"encodePictures","encodePictures","253","b2_14","k","k","814","1","","","","","","","","","","","","","",""
"encodePictures","encodePictures","254","d3_16","j","j","551","1","","","","","","","","","","","","","",""
"encodePictures","encodePictures","255","a3_17","j","j","584","1","","","","","","","","","","","","","",""
"mathDistract","mathDistract","0","24 - 22","2","2","1591","2","","","","","","","","","","","","","",""
"mathDistract","mathDistract","1","180 / 60","3","3","2540","2","","","","","","","","","","","","","",""
"mathDistract","mathDistract","2","80 / 40","2","2","1818","2","","","","","","","","","","","","","",""
"mathDistract","mathDistract","3","52 - 49","3","3","1872","2","","","","","","","","","","","","","",""
"mathDistract","mathDistract","4","5 - 1","4","4","1031","2","","","","","","","","","","","","","",""
"mathDistract","mathDistract","5","12 - 8","4","4","1342","2","","","","","","","","","","","","","",""
"mathDistract","mathDistract","6","12 / 3","4","4","1419","2","","","","","","","","","","","","","",""
"mathDistract","mathDistract","7","19 - 17","2","2","1545","2","","","","","","","","","","","","","",""
"mathDistract","mathDistract","8","55 - 51","4","4","1959","2","","","","","","","","","","","","","",""
"mathDistract","mathDistract","9","88 / 22","4","4","2102","2","","","","","","","","","","","","","",""
"mathDistract","mathDistract","10","40 - 37","3","3","2100","2","","","","","","","","","","","","","",""
"mathDistract","mathDistract","11","45 - 43","2","2","1283","2","","","","","","","","","","","","","",""
"mathDistract","mathDistract","12","8 - 5","3","3","1385","2","","","","","","","","","","","","","",""
"mathDistract","mathDistract","13","124 / 31","4","4","1911","2","","","","","","","","","","","","","",""
"mathDistract","mathDistract","14","7 - 6","1","1","1413","2","","","","","","","","","","","","","",""
"mathDistract","mathDistract","15","60 - 58","2","2","1140","2","","","","","","","","","","","","","",""
"mathDistract","mathDistract","16","30 - 28","2","2","954","2","","","","","","","","","","","","","",""
"mathDistract","mathDistract","17","36 - 35","2","1","1801","2","","","","","","","","","","","","","",""
"mathDistract","mathDistract","18","8 / 2","4","4","1423","2","","","","","","","","","","","","","",""
"mathDistract","mathDistract","19","5 - 3","2","2","1174","2","","","","","","","","","","","","","",""
"mathDistract","mathDistract","20","47 - 44","3","3","1245","2","","","","","","","","","","","","","",""
"mathDistract","mathDistract","21","100 / 50","2","2","1292","2","","","","","","","","","","","","","",""
"mathDistract","mathDistract","22","32 - 29","3","3","1603","2","","","","","","","","","","","","","",""
"mathDistract","mathDistract","23","28 - 24","4","4","1377","2","","","","","","","","","","","","","",""
"mathDistract","mathDistract","24","200 / 50","4","4","1056","2","","","","","","","","","","","","","",""
"mathDistract","mathDistract","25","10 / 10","1","1","1271","2","","","","","","","","","","","","","",""
"mathDistract","mathDistract","26","74 / 37","3","2","1574","2","","","","","","","","","","","","","",""
"mathDistract","mathDistract","27","240 / 60","4","4","1436","2","","","","","","","","","","","","","",""
"mathDistract","mathDistract","28","16 / 16","1","1","898","2","","","","","","","","","","","","","",""
"mathDistract","mathDistract","29","21 - 18","3","3","1825","2","","","","","","","","","","","","","",""
"mathDistract","mathDistract","30","212 / 53","4","4","1694","2","","","","","","","","","","","","","",""
"mathDistract","mathDistract","31","90 / 30","3","3","1828","2","","","","","","","","","","","","","",""
"mathDistract","mathDistract","32","120 / 60","2","2","1994","2","","","","","","","","","","","","","",""
"mathDistract","mathDistract","33","32 - 29","3","3","1320","2","","","","","","","","","","","","","",""
"mathDistract","mathDistract","34","57 - 55","2","2","1599","2","","","","","","","","","","","","","",""
"mathDistract","mathDistract","35","20 - 19","1","1","1013","2","","","","","","","","","","","","","",""
"mathDistract","mathDistract","36","31 - 30","1","1","1244","2","","","","","","","","","","","","","",""
"mathDistract","mathDistract","37","58 - 54","4","4","1650","2","","","","","","","","","","","","","",""
"mathDistract","mathDistract","38","39 - 38","1","1","1336","2","","","","","","","","","","","","","",""
"mathDistract","mathDistract","39","96 / 32","3","3","1607","2","","","","","","","","","","","","","",""
"mathDistract","mathDistract","40","20 - 19","1","1","1142","2","","","","","","","","","","","","","",""
"mathDistract","mathDistract","41","124 / 31","4","4","1436","2","","","","","","","","","","","","","",""
"mathDistract","mathDistract","42","38 / 38","1","1","1546","2","","","","","","","","","","","","","",""
"mathDistract","mathDistract","43","106 / 53","2","2","2121","2","","","","","","","","","","","","","",""
"mathDistract","mathDistract","44","24 - 21","3","3","1206","2","","","","","","","","","","","","","",""
"mathDistract","mathDistract","45","36 - 35","1","1","1157","2","","","","","","","","","","","","","",""
"mathDistract","mathDistract","46","43 - 41","2","2","1203","2","","","","","","","","","","","","","",""
"mathDistract","mathDistract","47","36 / 36","1","1","1137","2","","","","","","","","","","","","","",""
"mathDistract","mathDistract","48","21 / 7","3","3","1832","2","","","","","","","","","","","","","",""
"mathDistract","mathDistract","49","52 - 49","3","3","1726","2","","","","","","","","","","","","","",""
"mathDistract","mathDistract","50","153 / 51","3","3","1524","2","","","","","","","","","","","","","",""
"mathDistract","mathDistract","51","12 - 8","4","4","1554","2","","","","","","","","","","","","","",""
"mathDistract","mathDistract","52","104 / 26","4","4","1840","2","","","","","","","","","","","","","",""
"mathDistract","mathDistract","53","72 / 18","4","4","2382","2","","","","","","","","","","","","","",""
"mathDistract","mathDistract","54","48 - 45","3","3","1589","2","","","","","","","","","","","","","",""
"mathDistract","mathDistract","55","40 - 36","4","4","1378","2","","","","","","","","","","","","","",""
"mathDistract","mathDistract","56","45 / 45","1","1","993","2","","","","","","","","","","","","","",""
"mathDistract","mathDistract","57","53 - 50","3","3","1039","2","","","","","","","","","","","","","",""
"mathDistract","mathDistract","58","37 - 35","2","2","1501","2","","","","","","","","","","","","","",""
"mathDistract","mathDistract","59","15 - 13","2","2","1260","2","","","","","","","","","","","","","",""
"memoryTest","memoryTest","0","a4_20","k","k","1884","4","","old","cue","","","","","","","","","","",""
"memoryTest","memoryTest","1","d2_22","k","k","1582","4","","old","target","","","","","","","","","","",""
"memoryTest","memoryTest","2","a4_3","d","d","2022","4","","foil","cue","","","","","","","","","","",""
"memoryTest","memoryTest","3","a2_6","d","d","1182","4","","foil","target","","","","","","","","","","",""
"memoryTest","memoryTest","4","b1_25","k","k","1262","4","","old","filler","","","","","","","","","","",""
"memoryTest","memoryTest","5","d4_18","d","k","1206","4","","old","target","","","","","","","","","","",""
"memoryTest","memoryTest","6","d3_25","k","d","2134","4","","foil","cue","","","","","","","","","","",""
"memoryTest","memoryTest","7","a1_26","j","k","2134","4","","old","cue","","","","","","","","","","",""
"memoryTest","memoryTest","8","b3_21","k","k","1782","4","","old","filler","","","","","","","","","","",""
"memoryTest","memoryTest","9","c1_13","k","k","1046","4","","old","filler","","","","","","","","","","",""
"memoryTest","memoryTest","10","c3_8","k","k","846","4","","old","filler","","","","","","","","","","",""
"memoryTest","memoryTest","11","d2_9","f","k","2246","4","","old","target","","","","","","","","","","",""
"memoryTest","memoryTest","12","a1_1","j","k","1751","4","","old","cue","","","","","","","","","","",""
"memoryTest","memoryTest","13","b1_30","j","k","1294","4","","old","filler","","","","","","","","","","",""
"memoryTest","memoryTest","14","c1_10","j","k","1614","4","","old","filler","","","","","","","","","","",""
"memoryTest","memoryTest","15","c4_24","f","k","1599","4","","old","filler","","","","","","","","","","",""
"memoryTest","memoryTest","16","b4_19","j","k","1832","4","","old","filler","","","","","","","","","","",""
"memoryTest","memoryTest","17","d4_12","d","k","2230","4","","old","target","","","","","","","","","","",""
"memoryTest","memoryTest","18","c4_27","f","k","1750","4","","old","filler","","","","","","","","","","",""
"memoryTest","memoryTest","19","a2_26","k","k","1742","4","","old","target","","","","","","","","","","",""
"memoryTest","memoryTest","20","a2_27","j","k","1390","4","","old","target","","","","","","","","","","",""
"memoryTest","memoryTest","21","c3_10","j","k","2029","4","","old","filler","","","","","","","","","","",""
"memoryTest","memoryTest","22","b1_29","k","k","1198","4","","old","filler","","","","","","","","","","",""
"memoryTest","memoryTest","23","b3_28","k","k","966","4","","old","filler","","","","","","","","","","",""
"memoryTest","memoryTest","24","a2_14","k","d","980","4","","foil","target","","","","","","","","","","",""
"memoryTest","memoryTest","25","c3_26","j","k","1870","4","","old","filler","","","","","","","","","","",""
"memoryTest","memoryTest","26","d4_6","k","k","1781","4","","old","target","","","","","","","","","","",""
"memoryTest","memoryTest","27","d3_5","k","k","854","4","","old","cue","","","","","","","","","","",""
"memoryTest","memoryTest","28","b4_26","j","d","1950","4","","foil","filler","","","","","","","","","","",""
"memoryTest","memoryTest","29","b1_5","j","k","1686","4","","old","filler","","","","","","","","","","",""
"memoryTest","memoryTest","30","a1_17","j","k","2134","4","","old","cue","","","","","","","","","","",""
"memoryTest","memoryTest","31","c4_8","f","d","2798","4","","foil","filler","","","","","","","","","","",""
"memoryTest","memoryTest","32","d1_19","k","k","1271","4","","old","cue","","","","","","","","","","",""
"memoryTest","memoryTest","33","b3_14","j","k","1430","4","","old","filler","","","","","","","","","","",""
"memoryTest","memoryTest","34","d1_22","k","d","1062","4","","foil","cue","","","","","","","","","","",""
"memoryTest","memoryTest","35","a4_23","j","d","1286","4","","foil","cue","","","","","","","","","","",""
"memoryTest","memoryTest","36","a2_17","k","k","1190","4","","old","target","","","","","","","","","","",""
"memoryTest","memoryTest","37","a4_17","k","k","1262","4","","old","cue","","","","","","","","","","",""
"memoryTest","memoryTest","38","c1_4","k","k","910","4","","old","filler","","","","","","","","","","",""
"memoryTest","memoryTest","39","c4_9","j","k","2006","4","","old","filler","","","","","","","","","","",""
"memoryTest","memoryTest","40","c3_7","k","k","1078","4","","old","filler","","","","","","","","","","",""
"memoryTest","memoryTest","41","c2_21","f","d","1750","4","","foil","filler","","","","","","","","","","",""
"memoryTest","memoryTest","42","b2_6","k","k","1198","4","","old","filler","","","","","","","","","","",""
"memoryTest","memoryTest","43","b3_17","f","k","2126","4","","old","filler","","","","","","","","","","",""
"memoryTest","memoryTest","44","b1_20","j","k","1158","4","","old","filler","","","","","","","","","","",""
"memoryTest","memoryTest","45","d4_19","k","k","1758","4","","old","target","","","","","","","","","","",""
"memoryTest","memoryTest","46","d4_28","f","d","1430","4","","foil","target","","","","","","","","","","",""
"memoryTest","memoryTest","47","c1_14","f","k","1478","4","","old","filler","","","","","","","","","","",""
"memoryTest","memoryTest","48","c3_16","f","d","1821","4","","foil","filler","","","","","","","","","","",""
"memoryTest","memoryTest","49","d1_8","f","d","2591","4","","foil","cue","","","","","","","","","","",""
"memoryTest","memoryTest","50","c4_11","j","k","1558","4","","old","filler","","","","","","","","","","",""
"memoryTest","memoryTest","51","d4_1","j","k","1934","4","","old","target","","","","","","","","","","",""
"memoryTest","memoryTest","52","a2_13","k","k","1085","4","","old","target","","","","","","","","","","",""
"memoryTest","memoryTest","53","a1_30","k","d","782","4","","foil","cue","","","","","","","","","","",""
"memoryTest","memoryTest","54","b1_16","f","d","2182","4","","foil","filler","","","","","","","","","","",""
"memoryTest","memoryTest","55","a4_25","f","k","1383","4","","old","cue","","","","","","","","","","",""
"memoryTest","memoryTest","56","c2_10","j","k","1789","4","","old","filler","","","","","","","","","","",""
"memoryTest","memoryTest","57","a3_13","j","d","2224","4","","foil","target","","","","","","","","","","",""
"memoryTest","memoryTest","58","b2_24","k","k","1054","4","","old","filler","","","","","","","","","","",""
"memoryTest","memoryTest","59","d3_24","k","k","1966","4","","old","cue","","","","","","","","","","",""
"memoryTest","memoryTest","60","c1_7","f","k","1534","4","","old","filler","","","","","","","","","","",""
"memoryTest","memoryTest","61","b3_27","k","k","1214","4","","old","filler","","","","","","","","","","",""
"memoryTest","memoryTest","62","b1_28","k","d","886","4","","foil","filler","","","","","","","","","","",""
"memoryTest","memoryTest","63","b2_13","f","k","1990","4","","old","filler","","","","","","","","","","",""
"memoryTest","memoryTest","64","a4_21","j","k","1846","4","","old","cue","","","","","","","","","","",""
"memoryTest","memoryTest","65","a4_6","j","k","1046","4","","old","cue","","","","","","","","","","",""
"memoryTest","memoryTest","66","d1_26","j","k","1520","4","","old","cue","","","","","","","","","","",""
"memoryTest","memoryTest","67","d4_26","k","k","1526","4","","old","target","","","","","","","","","","",""
"memoryTest","memoryTest","68","d4_15","k","k","1934","4","","old","target","","","","","","","","","","",""
"memoryTest","memoryTest","69","d4_29","k","k","1174","4","","old","target","","","","","","","","","","",""
"memoryTest","memoryTest","70","c3_27","j","d","1750","4","","foil","filler","","","","","","","","","","",""
"memoryTest","memoryTest","71","c4_14","k","k","2406","4","","old","filler","","","","","","","","","","",""
"memoryTest","memoryTest","72","d4_30","f","d","2502","4","","foil","target","","","","","","","","","","",""
"memoryTest","memoryTest","73","d1_10","d","k","1462","4","","old","cue","","","","","","","","","","",""
"memoryTest","memoryTest","74","c2_26","f","k","1518","4","","old","filler","","","","","","","","","","",""
"memoryTest","memoryTest","75","a4_24","f","k","1294","4","","old","cue","","","","","","","","","","",""
"memoryTest","memoryTest","76","b2_26","f","k","1790","4","","old","filler","","","","","","","","","","",""
"memoryTest","memoryTest","77","d3_13","k","k","2230","4","","old","cue","","","","","","","","","","",""
"memoryTest","memoryTest","78","d2_21","k","k","814","4","","old","target","","","","","","","","","","",""
"memoryTest","memoryTest","79","d2_28","j","d","926","4","","foil","target","","","","","","","","","","",""
"memoryTest","memoryTest","80","b4_6","k","k","2030","4","","old","filler","","","","","","","","","","",""
"memoryTest","memoryTest","81","b2_14","j","k","2966","4","","old","filler","","","","","","","","","","",""
"memoryTest","memoryTest","82","d1_11","k","k","1605","4","","old","cue","","","","","","","","","","",""
"memoryTest","memoryTest","83","d3_6","k","k","1277","4","","old","cue","","","","","","","","","","",""
"memoryTest","memoryTest","84","d2_18","j","k","2238","4","","old","target","","","","","","","","","","",""
"memoryTest","memoryTest","85","c3_24","k","k","1958","4","","old","filler","","","","","","","","","","",""
"memoryTest","memoryTest","86","c4_28","k","k","1190","4","","old","filler","","","","","","","","","","",""
"memoryTest","memoryTest","87","c1_15","j","k","1230","4","","old","filler","","","","","","","","","","",""
"memoryTest","memoryTest","88","b1_14","d","k","1334","4","","old","filler","","","","","","","","","","",""
"memoryTest","memoryTest","89","c3_18","k","k","1542","4","","old","filler","","","","","","","","","","",""
"memoryTest","memoryTest","90","a3_2","k","d","2645","4","","foil","target","","","","","","","","","","",""
"memoryTest","memoryTest","91","c1_17","d","d","1462","4","","foil","filler","","","","","","","","","","",""
"memoryTest","memoryTest","92","c4_1","f","k","1967","4","","old","filler","","","","","","","","","","",""
"memoryTest","memoryTest","93","d3_22","f","k","2014","4","","old","cue","","","","","","","","","","",""
"memoryTest","memoryTest","94","a1_11","k","k","1118","4","","old","cue","","","","","","","","","","",""
"memoryTest","memoryTest","95","b3_5","k","k","926","4","","old","filler","","","","","","","","","","",""
"memoryTest","memoryTest","96","a1_14","k","k","830","4","","old","cue","","","","","","","","","","",""
"memoryTest","memoryTest","97","c4_23","k","k","1726","4","","old","filler","","","","","","","","","","",""
"memoryTest","memoryTest","98","b4_10","k","k","1246","4","","old","filler","","","","","","","","","","",""
"memoryTest","memoryTest","99","b2_28","k","k","2343","4","","old","filler","","","","","","","","","","",""
"memoryTest","memoryTest","100","a3_28","k","k","998","4","","old","target","","","","","","","","","","",""
"memoryTest","memoryTest","101","b2_17","f","k","2774","4","","old","filler","","","","","","","","","","",""
"memoryTest","memoryTest","102","d1_20","k","k","1214","4","","old","cue","","","","","","","","","","",""
"memoryTest","memoryTest","103","b2_18","d","k","1549","4","","old","filler","","","","","","","","","","",""
"memoryTest","memoryTest","104","a3_11","f","k","1574","4","","old","target","","","","","","","","","","",""
"memoryTest","memoryTest","105","c1_16","f","k","1398","4","","old","filler","","","","","","","","","","",""
"memoryTest","memoryTest","106","c4_25","k","k","1350","4","","old","filler","","","","","","","","","","",""
"memoryTest","memoryTest","107","c3_15","k","k","1333","4","","old","filler","","","","","","","","","","",""
"memoryTest","memoryTest","108","c3_21","k","k","1046","4","","old","filler","","","","","","","","","","",""
"memoryTest","memoryTest","109","b3_18","d","k","2086","4","","old","filler","","","","","","","","","","",""
"memoryTest","memoryTest","110","c3_5","k","k","1286","4","","old","filler","","","","","","","","","","",""
"memoryTest","memoryTest","111","d2_14","k","k","854","4","","old","target","","","","","","","","","","",""
"memoryTest","memoryTest","112","d3_18","k","k","1077","4","","old","cue","","","","","","","","","","",""
"memoryTest","memoryTest","113","b3_16","k","k","1213","4","","old","filler","","","","","","","","","","",""
"memoryTest","memoryTest","114","d2_30","d","d","1263","4","","foil","target","","","","","","","","","","",""
"memoryTest","memoryTest","115","a3_9","k","k","1222","4","","old","target","","","","","","","","","","",""
"memoryTest","memoryTest","116","a2_15","k","k","1062","4","","old","target","","","","","","","","","","",""
"memoryTest","memoryTest","117","b3_9","f","k","2414","4","","old","filler","","","","","","","","","","",""
"memoryTest","memoryTest","118","d3_9","f","k","1710","4","","old","cue","","","","","","","","","","",""
"memoryTest","memoryTest","119","c3_30","k","k","2242","4","","old","filler","","","","","","","","","","",""
"memoryTest","memoryTest","120","c1_25","j","d","2614","4","","foil","filler","","","","","","","","","","",""
"memoryTest","memoryTest","121","b3_13","d","k","1470","4","","old","filler","","","","","","","","","","",""
"memoryTest","memoryTest","122","d1_21","f","d","1829","4","","foil","cue","","","","","","","","","","",""
"memoryTest","memoryTest","123","a1_3","k","k","879","4","","old","cue","","","","","","","","","","",""
"memoryTest","memoryTest","124","d3_12","f","k","1398","4","","old","cue","","","","","","","","","","",""
"memoryTest","memoryTest","125","b2_20","f","d","1519","4","","foil","filler","","","","","","","","","","",""
"memoryTest","memoryTest","126","d3_14","j","k","1646","4","","old","cue","","","","","","","","","","",""
"memoryTest","memoryTest","127","c4_15","k","k","1078","4","","old","filler","","","","","","","","","","",""
"memoryTest","memoryTest","128","b4_5","j","k","1790","4","","old","filler","","","","","","","","","","",""
"memoryTest","memoryTest","129","b2_21","j","k","1414","4","","old","filler","","","","","","","","","","",""
"memoryTest","memoryTest","130","d1_15","j","k","1374","4","","old","cue","","","","","","","","","","",""
"memoryTest","memoryTest","131","d1_9","j","k","1206","4","","old","cue","","","","","","","","","","",""
"memoryTest","memoryTest","132","b3_11","f","k","1990","4","","old","filler","","","","","","","","","","",""
"memoryTest","memoryTest","133","a3_24","k","k","1542","4","","old","target","","","","","","","","","","",""
"memoryTest","memoryTest","134","d1_7","k","k","1982","4","","old","cue","","","","","","","","","","",""
"memoryTest","memoryTest","135","a2_25","k","k","918","4","","old","target","","","","","","","","","","",""
"memoryTest","memoryTest","136","b3_1","j","k","1574","4","","old","filler","","","","","","","","","","",""
"memoryTest","memoryTest","137","c2_4","j","k","1407","4","","old","filler","","","","","","","","","","",""
"memoryTest","memoryTest","138","a4_28","f","k","1294","4","","old","cue","","","","","","","","","","",""
"memoryTest","memoryTest","139","a1_16","j","k","1439","4","","old","cue","","","","","","","","","","",""
"memoryTest","memoryTest","140","b1_11","d","d","1558","4","","foil","filler","","","","","","","","","","",""
"memoryTest","memoryTest","141","b4_8","j","k","1646","4","","old","filler","","","","","","","","","","",""
"memoryTest","memoryTest","142","d3_27","f","d","1709","4","","foil","cue","","","","","","","","","","",""
"memoryTest","memoryTest","143","a4_27","f","k","878","4","","old","cue","","","","","","","","","","",""
"memoryTest","memoryTest","144","b1_8","j","k","1231","4","","old","filler","","","","","","","","","","",""
"memoryTest","memoryTest","145","a3_20","f","k","1262","4","","old","target","","","","","","","","","","",""
"memoryTest","memoryTest","146","a1_8","j","d","1005","4","","foil","cue","","","","","","","","","","",""
"memoryTest","memoryTest","147","b2_19","k","d","998","4","","foil","filler","","","","","","","","","","",""
"memoryTest","memoryTest","148","c3_17","f","d","1492","4","","foil","filler","","","","","","","","","","",""
"memoryTest","memoryTest","149","b1_15","j","k","1582","4","","old","filler","","","","","","","","","","",""
"memoryTest","memoryTest","150","a1_19","k","k","1598","4","","old","cue","","","","","","","","","","",""
"memoryTest","memoryTest","151","a3_10","k","k","1711","4","","old","target","","","","","","","","","","",""
"memoryTest","memoryTest","152","d1_14","k","k","1181","4","","old","cue","","","","","","","","","","",""
"memoryTest","memoryTest","153","d3_8","f","k","1261","4","","old","cue","","","","","","","","","","",""
"memoryTest","memoryTest","154","c2_9","j","k","1533","4","","old","filler","","","","","","","","","","",""
"memoryTest","memoryTest","155","b4_9","f","k","1734","4","","old","filler","","","","","","","","","","",""
"memoryTest","memoryTest","156","c4_17","f","k","1847","4","","old","filler","","","","","","","","","","",""
"memoryTest","memoryTest","157","d2_29","d","k","1246","4","","old","target","","","","","","","","","","",""
"memoryTest","memoryTest","158","b4_7","f","d","1254","4","","foil","filler","","","","","","","","","","",""
"memoryTest","memoryTest","159","d1_2","k","k","1157","4","","old","cue","","","","","","","","","","",""
"memoryTest","memoryTest","160","d3_23","k","k","1420","4","","old","cue","","","","","","","","","","",""
"memoryTest","memoryTest","161","a4_5","f","k","1334","4","","old","cue","","","","","","","","","","",""
"memoryTest","memoryTest","162","b2_30","d","k","1414","4","","old","filler","","","","","","","","","","",""
"memoryTest","memoryTest","163","c4_5","d","k","1206","4","","old","filler","","","","","","","","","","",""
"memoryTest","memoryTest","164","b3_30","d","k","1182","4","","old","filler","","","","","","","","","","",""
"memoryTest","memoryTest","165","c2_17","j","d","1198","4","","foil","filler","","","","","","","","","","",""
"memoryTest","memoryTest","166","c2_18","k","k","1358","4","","old","filler","","","","","","","","","","",""
"memoryTest","memoryTest","167","d2_4","k","k","814","4","","old","target","","","","","","","","","","",""
"memoryTest","memoryTest","168","a3_17","k","k","910","4","","old","target","","","","","","","","","","",""
"memoryTest","memoryTest","169","d2_11","d","k","1350","4","","old","target","","","","","","","","","","",""
"memoryTest","memoryTest","170","a4_10","f","k","1670","4","","old","cue","","","","","","","","","","",""
"memoryTest","memoryTest","171","b1_21","f","d","1175","4","","foil","filler","","","","","","","","","","",""
"memoryTest","memoryTest","172","d4_14","j","d","1326","4","","foil","target","","","","","","","","","","",""
"memoryTest","memoryTest","173","d3_29","f","k","1534","4","","old","cue","","","","","","","","","","",""
"memoryTest","memoryTest","174","b4_23","f","k","1078","4","","old","filler","","","","","","","","","","",""
"memoryTest","memoryTest","175","a2_7","j","k","974","4","","old","target","","","","","","","","","","",""
"memoryTest","memoryTest","176","a2_5","j","k","917","4","","old","target","","","","","","","","","","",""
"memoryTest","memoryTest","177","a1_18","k","d","1150","4","","foil","cue","","","","","","","","","","",""
"memoryTest","memoryTest","178","b1_2","k","k","934","4","","old","filler","","","","","","","","","","",""
"memoryTest","memoryTest","179","a1_25","k","k","782","4","","old","cue","","","","","","","","","","",""
"memoryTest","memoryTest","180","a4_1","f","d","1062","4","","foil","cue","","","","","","","","","","",""
"memoryTest","memoryTest","181","d3_16","f","k","934","4","","old","cue","","","","","","","","","","",""
"memoryTest","memoryTest","182","a3_22","k","k","1022","4","","old","target","","","","","","","","","","",""
"memoryTest","memoryTest","183","c1_29","k","k","956","4","","old","filler","","","","","","","","","","",""
"memoryTest","memoryTest","184","b2_10","f","k","1638","4","","old","filler","","","","","","","","","","",""
"memoryTest","memoryTest","185","b2_15","f","k","1045","4","","old","filler","","","","","","","","","","",""
"memoryTest","memoryTest","186","a3_26","k","k","1207","4","","old","target","","","","","","","","","","",""
"memoryTest","memoryTest","187","d3_4","j","k","1374","4","","old","cue","","","","","","","","","","",""
"memoryTest","memoryTest","188","d2_10","j","k","982","4","","old","target","","","","","","","","","","",""
"memoryTest","memoryTest","189","c1_27","d","d","1070","4","","foil","filler","","","","","","","","","","",""
"memoryTest","memoryTest","190","d4_10","j","k","2061","4","","old","target","","","","","","","","","","",""
"memoryTest","memoryTest","191","a4_14","d","k","1359","4","","old","cue","","","","","","","","","","",""
"memoryTest","memoryTest","192","d4_9","j","k","1358","4","","old","target","","","","","","","","","","",""
"memoryTest","memoryTest","193","c4_19","j","d","1286","4","","foil","filler","","","","","","","","","","",""
"memoryTest","memoryTest","194","a4_16","f","k","1331","4","","old","cue","","","","","","","","","","",""
"memoryTest","memoryTest","195","a2_16","j","k","1253","4","","old","target","","","","","","","","","","",""
"memoryTest","memoryTest","196","b1_24","d","k","1190","4","","old","filler","","","","","","","","","","",""
"memoryTest","memoryTest","197","a3_15","d","k","941","4","","old","target","","","","","","","","","","",""
"memoryTest","memoryTest","198","c2_6","f","k","1503","4","","old","filler","","","","","","","","","","",""
"memoryTest","memoryTest","199","a2_23","j","k","904","4","","old","target","","","","","","","","","","",""
"memoryTest","memoryTest","200","d3_7","j","k","1533","4","","old","cue","","","","","","","","","","",""
"memoryTest","memoryTest","201","c1_19","j","k","1061","4","","old","filler","","","","","","","","","","",""
"memoryTest","memoryTest","202","a3_25","f","k","1319","4","","old","target","","","","","","","","","","",""
"memoryTest","memoryTest","203","c2_22","j","k","1214","4","","old","filler","","","","","","","","","","",""
"memoryTest","memoryTest","204","c4_10","k","k","1213","4","","old","filler","","","","","","","","","","",""
"memoryTest","memoryTest","205","c3_1","j","d","957","4","","foil","filler","","","","","","","","","","",""
"memoryTest","memoryTest","206","b1_17","f","k","1927","4","","old","filler","","","","","","","","","","",""
"memoryTest","memoryTest","207","b2_5","f","d","829","4","","foil","filler","","","","","","","","","","",""
"memoryTest","memoryTest","208","c3_2","f","k","1077","4","","old","filler","","","","","","","","","","",""
"memoryTest","memoryTest","209","b1_3","f","k","1006","4","","old","filler","","","","","","","","","","",""
"memoryTest","memoryTest","210","c3_25","j","k","1055","4","","old","filler","","","","","","","","","","",""
"memoryTest","memoryTest","211","c2_20","j","k","1134","4","","old","filler","","","","","","","","","","",""
"memoryTest","memoryTest","212","a1_12","d","d","1767","4","","foil","cue","","","","","","","","","","",""
"memoryTest","memoryTest","213","c4_4","d","d","982","4","","foil","filler","","","","","","","","","","",""
"memoryTest","memoryTest","214","d4_22","k","k","1438","4","","old","target","","","","","","","","","","",""
"memoryTest","memoryTest","215","b3_20","d","k","1503","4","","old","filler","","","","","","","","","","",""
"memoryTest","memoryTest","216","c1_9","k","k","1238","4","","old","filler","","","","","","","","","","",""
"memoryTest","memoryTest","217","c1_24","k","k","2326","4","","old","filler","","","","","","","","","","",""
"memoryTest","memoryTest","218","c2_16","k","k","983","4","","old","filler","","","","","","","","","","",""
"memoryTest","memoryTest","219","a2_19","f","k","1886","4","","old","target","","","","","","","","","","",""
"memoryTest","memoryTest","220","c1_5","j","k","1217","4","","old","filler","","","","","","","","","","",""
"memoryTest","memoryTest","221","b2_12","d","k","934","4","","old","filler","","","","","","","","","","",""
"memoryTest","memoryTest","222","a1_5","j","k","1541","4","","old","cue","","","","","","","","","","",""
"memoryTest","memoryTest","223","b4_13","f","k","1695","4","","old","filler","","","","","","","","","","",""
"memoryTest","memoryTest","224","a4_15","f","k","1630","4","","old","cue","","","","","","","","","","",""
"memoryTest","memoryTest","225","c3_3","f","k","1741","4","","old","filler","","","","","","","","","","",""
"memoryTest","memoryTest","226","c2_13","f","d","1101","4","","foil","filler","","","","","","","","","","",""
"memoryTest","memoryTest","227","c2_7","f","k","1326","4","","old","filler","","","","","","","","","","",""
"memoryTest","memoryTest","228","c4_29","j","k","1143","4","","old","filler","","","","","","","","","","",""
"memoryTest","memoryTest","229","c2_2","d","k","1335","4","","old","filler","","","","","","","","","","",""
"memoryTest","memoryTest","230","b3_6","d","k","1543","4","","old","filler","","","","","","","","","","",""
"memoryTest","memoryTest","231","b4_17","d","d","1207","4","","foil","filler","","","","","","","","","","",""
"memoryTest","memoryTest","232","d2_12","j","d","1366","4","","foil","target","","","","","","","","","","",""
"memoryTest","memoryTest","233","c1_6","f","k","1085","4","","old","filler","","","","","","","","","","",""
"memoryTest","memoryTest","234","b3_24","d","d","1101","4","","foil","filler","","","","","","","","","","",""
"memoryTest","memoryTest","235","c3_12","k","k","1246","4","","old","filler","","","","","","","","","","",""
"memoryTest","memoryTest","236","a3_30","f","k","1286","4","","old","target","","","","","","","","","","",""
"memoryTest","memoryTest","237","a4_19","f","d","1598","4","","foil","cue","","","","","","","","","","",""
"memoryTest","memoryTest","238","b4_18","f","k","1574","4","","old","filler","","","","","","","","","","",""
"memoryTest","memoryTest","239","a1_13","f","k","1054","4","","old","cue","","","","","","","","","","",""
"memoryTest","memoryTest","240","a3_6","f","d","1630","4","","foil","target","","","","","","","","","","",""
"memoryTest","memoryTest","241","b4_1","f","k","1405","4","","old","filler","","","","","","","","","","",""
"memoryTest","memoryTest","242","c3_11","j","k","1166","4","","old","filler","","","","","","","","","","",""
"memoryTest","memoryTest","243","c1_18","f","k","966","4","","old","filler","","","","","","","","","","",""
"memoryTest","memoryTest","244","c2_14","j","k","1486","4","","old","filler","","","","","","","","","","",""
"memoryTest","memoryTest","245","a2_30","f","k","1309","4","","old","target","","","","","","","","","","",""
"memoryTest","memoryTest","246","d2_2","j","k","1030","4","","old","target","","","","","","","","","","",""
"memoryTest","memoryTest","247","d2_20","j","d","1206","4","","foil","target","","","","","","","","","","",""
"memoryTest","memoryTest","248","a4_26","f","k","1590","4","","old","cue","","","","","","","","","","",""
"memoryTest","memoryTest","249","a2_12","j","k","958","4","","old","target","","","","","","","","","","",""
"memoryTest","memoryTest","250","b1_7","f","k","981","4","","old","filler","","","","","","","","","","",""
"memoryTest","memoryTest","251","c4_13","k","d","1142","4","","foil","filler","","","","","","","","","","",""
"memoryTest","memoryTest","252","b4_24","f","k","943","4","","old","filler","","","","","","","","","","",""
"memoryTest","memoryTest","253","a2_2","j","k","1166","4","","old","target","","","","","","","","","","",""
"memoryTest","memoryTest","254","c4_30","f","k","1510","4","","old","filler","","","","","","","","","","",""
"memoryTest","memoryTest","255","b1_13","f","k","1447","4","","old","filler","","","","","","","","","","",""
"memoryTest","memoryTest","256","b3_7","d","d","1030","4","","foil","filler","","","","","","","","","","",""
"memoryTest","memoryTest","257","a3_23","k","k","1518","4","","old","target","","","","","","","","","","",""
"memoryTest","memoryTest","258","c1_12","k","k","950","4","","old","filler","","","","","","","","","","",""
"memoryTest","memoryTest","259","b2_22","j","k","1798","4","","old","filler","","","","","","","","","","",""
"memoryTest","memoryTest","260","a2_18","f","d","1678","4","","foil","target","","","","","","","","","","",""
"memoryTest","memoryTest","261","d1_28","d","k","1310","4","","old","cue","","","","","","","","","","",""
"memoryTest","memoryTest","262","b4_4","d","d","1622","4","","foil","filler","","","","","","","","","","",""
"memoryTest","memoryTest","263","c4_22","j","k","2501","4","","old","filler","","","","","","","","","","",""
"memoryTest","memoryTest","264","a2_22","f","k","1167","4","","old","target","","","","","","","","","","",""
"memoryTest","memoryTest","265","b4_16","d","k","1246","4","","old","filler","","","","","","","","","","",""
"memoryTest","memoryTest","266","b4_12","d","k","909","4","","old","filler","","","","","","","","","","",""
"memoryTest","memoryTest","267","c2_27","d","k","941","4","","old","filler","","","","","","","","","","",""
"memoryTest","memoryTest","268","d3_26","j","d","1277","4","","foil","cue","","","","","","","","","","",""
"memoryTest","memoryTest","269","d2_7","j","k","1615","4","","old","target","","","","","","","","","","",""
"memoryTest","memoryTest","270","b3_15","d","d","1558","4","","foil","filler","","","","","","","","","","",""
"memoryTest","memoryTest","271","d4_25","j","k","1213","4","","old","target","","","","","","","","","","",""
"memoryTest","memoryTest","272","a3_4","j","d","1494","4","","foil","target","","","","","","","","","","",""
"memoryTest","memoryTest","273","a2_11","f","d","1221","4","","foil","target","","","","","","","","","","",""
"memoryTest","memoryTest","274","a1_23","k","k","1023","4","","old","cue","","","","","","","","","","",""
"memoryTest","memoryTest","275","a3_27","k","k","1101","4","","old","target","","","","","","","","","","",""
"memoryTest","memoryTest","276","a2_29","j","k","1141","4","","old","target","","","","","","","","","","",""
"memoryTest","memoryTest","277","b4_21","f","k","1430","4","","old","filler","","","","","","","","","","",""
"memoryTest","memoryTest","278","c2_25","k","k","1165","4","","old","filler","","","","","","","","","","",""
"memoryTest","memoryTest","279","c2_3","d","k","1030","4","","old","filler","","","","","","","","","","",""
"memoryTest","memoryTest","280","d4_2","f","k","1430","4","","old","target","","","","","","","","","","",""
"memoryTest","memoryTest","281","c2_8","j","k","1142","4","","old","filler","","","","","","","","","","",""
"memoryTest","memoryTest","282","b4_15","f","k","1398","4","","old","filler","","","","","","","","","","",""
"memoryTest","memoryTest","283","d1_6","f","k","1061","4","","old","cue","","","","","","","","","","",""
"memoryTest","memoryTest","284","d2_23","f","k","1101","4","","old","target","","","","","","","","","","",""
"memoryTest","memoryTest","285","b2_8","d","k","1094","4","","old","filler","","","","","","","","","","",""
"memoryTest","memoryTest","286","d4_17","f","k","1454","4","","old","target","","","","","","","","","","",""
"memoryTest","memoryTest","287","d4_5","j","d","1038","4","","foil","target","","","","","","","","","","",""
"memoryTest","memoryTest","288","d1_17","d","d","1774","4","","foil","cue","","","","","","","","","","",""
"memoryTest","memoryTest","289","d4_3","k","k","1647","4","","old","target","","","","","","","","","","",""
"memoryTest","memoryTest","290","a1_9","k","k","814","4","","old","cue","","","","","","","","","","",""
"memoryTest","memoryTest","291","a1_24","k","k","749","4","","old","cue","","","","","","","","","","",""
"memoryTest","memoryTest","292","d1_13","d","k","1221","4","","old","cue","","","","","","","","","","",""
"memoryTest","memoryTest","293","d2_26","k","k","1413","4","","old","target","","","","","","","","","","",""
"memoryTest","memoryTest","294","d1_30","k","k","1182","4","","old","cue","","","","","","","","","","",""
"memoryTest","memoryTest","295","a3_21","f","k","1382","4","","old","target","","","","","","","","","","",""
"memoryTest","memoryTest","296","b1_9","d","k","869","4","","old","filler","","","","","","","","","","",""
"memoryTest","memoryTest","297","c1_1","d","d","1493","4","","foil","filler","","","","","","","","","","",""
"memoryTest","memoryTest","298","d1_25","k","k","1093","4","","old","cue","","","","","","","","","","",""
"memoryTest","memoryTest","299","d2_6","k","k","854","4","","old","target","","","","","","","","","","",""
"memoryTest","memoryTest","300","a3_1","k","k","1022","4","","old","target","","","","","","","","","","",""
"memoryTest","memoryTest","301","b3_3","d","d","838","4","","foil","filler","","","","","","","","","","",""
"memoryTest","memoryTest","302","d3_1","j","k","1453","4","","old","cue","","","","","","","","","","",""
"memoryTest","memoryTest","303","a1_15","j","k","1422","4","","old","cue","","","","","","","","","","",""
"memoryTest","memoryTest","304","c3_14","k","k","1214","4","","old","filler","","","","","","","","","","",""
"memoryTest","memoryTest","305","b2_16","f","d","1677","4","","foil","filler","","","","","","","","","","",""
"memoryTest","memoryTest","306","a4_4","f","k","2374","4","","old","cue","","","","","","","","","","",""
"memoryTest","memoryTest","307","d4_4","f","k","1061","4","","old","target","","","","","","","","","","",""
"memoryTest","memoryTest","308","b4_28","d","k","901","4","","old","filler","","","","","","","","","","",""
"memoryTest","memoryTest","309","a4_11","f","k","1134","4","","old","cue","","","","","","","","","","",""
"memoryTest","memoryTest","310","c1_30","d","k","1182","4","","old","filler","","","","","","","","","","",""
"memoryTest","memoryTest","311","d3_19","j","d","1759","4","","foil","cue","","","","","","","","","","",""
"memoryTest","memoryTest","312","c2_30","f","d","1126","4","","foil","filler","","","","","","","","","","",""
"memoryTest","memoryTest","313","d2_17","d","k","959","4","","old","target","","","","","","","","","","",""
"memoryTest","memoryTest","314","d2_24","d","k","1045","4","","old","target","","","","","","","","","","",""
"memoryTest","memoryTest","315","b3_10","d","k","789","4","","old","filler","","","","","","","","","","",""
"memoryTest","memoryTest","316","b1_6","j","k","1366","4","","old","filler","","","","","","","","","","",""
"memoryTest","memoryTest","317","a1_21","k","k","862","4","","old","cue","","","","","","","","","","",""
"memoryTest","memoryTest","318","d1_3","j","k","1246","4","","old","cue","","","","","","","","","","",""
"memoryTest","memoryTest","319","b2_2","j","k","1150","4","","old","filler","","","","","","","","","","",""
"predictTest","predictTest","0","c4c3,b1c3","1","no correct answer","227","3","","","","","","","","","","","","","",""
"predictTest","predictTest","1","c2b4,b3b4","2","no correct answer","205","3","","","","","","","","","","","","","",""
"predictTest","predictTest","2","a1a3,d3a3","1","2","326","3","","","","","","","","","","","","","",""
"predictTest","predictTest","3","d3a3,d3a2","1","1","637","3","","","","","","","","","","","","","",""
"predictTest","predictTest","4","a4d4,a4d2","2","2","1001","3","","","","","","","","","","","","","",""
"predictTest","predictTest","5","c4c1,c4c3","2","no correct answer","356","3","","","","","","","","","","","","","",""
"predictTest","predictTest","6","b3b4,b3b2","2","no correct answer","278","3","","","","","","","","","","","","","",""
"predictTest","predictTest","7","b3b2,c2b2","1","no correct answer","301","3","","","","","","","","","","","","","",""
"predictTest","predictTest","8","c2b2,c2b4","1","no correct answer","566","3","","","","","","","","","","","","","",""
"predictTest","predictTest","9","b1c1,b1c3","1","no correct answer","178","3","","","","","","","","","","","","","",""
"predictTest","predictTest","10","d1d2,d1d4","1","2","414","3","","","","","","","","","","","","","",""
"predictTest","predictTest","11","d1d4,a4d4","1","1","374","3","","","","","","","","","","","","","",""
"predictTest","predictTest","12","a4d2,d1d2","2","1","332","3","","","","","","","","","","","","","",""
"predictTest","predictTest","13","a1a2,d3a2","1","1","310","3","","","","","","","","","","","","","",""
"predictTest","predictTest","14","a1a3,a1a2","2","2","299","3","","","","","","","","","","","","","",""
"predictTest","predictTest","15","c4c1,b1c1","1","no correct answer","270","3","","","","","","","","","","","","","",""
"","","","","","","","","","","","58","english","Male","Desktop computer","I have no idea.  I really try no to think about that as I feel it may influence my responses.","[object Object]","","","","",""
"","","","","","","","","","","","","","","","","","a4d2,d3a3,a1a2,d1d4","","","",""
"","","","","","","","","","","","","","","","","","","d1,d4,b1,d1,d4,c1,b3,d3,a3,b2,b4,c4,c1,c3,b1,c3,c3,a1,a2,d3,a3,b3,c4,a1,a2,b3,c2,a4,d2,c4,c4,d3,a3,c1,b4,b2,c3,b1,b3,c2,a4,d2,b4,d1,d4,b2,b4,d1,d4,c1,b1,a1,a2,c2,a1,a2,a4,d2,d3,a3,b2,c2,a4,d2,b2,d1,d4,a1,a2,b1,c3,c1,a4,d2,b4,c4,c2,c1,d3,a3,b4,c4,d3,a3,c1,d1,d4,c2,c4,b3,b1,a4,d2,b2,a1,a2,c2,b3,b3,d1,d4,b1,c3,b3,b2,b4,c1,d1,d4,d3,a3,c3,a1,a2,c2,a4,d2,a1,a2,d3,a3,b2,b4,c4,a4,d2,c3,b1,b4,b1,d3,a3,a4,d2,c2,b4,b1,d1,d4,c4,a1,a2,b1,a1,a2,a4,d2,b2,b3,c1,c3,d3,a3,b3,c4,c1,d3,a3,c2,b2,b2,c3,a1,a2,c3,c4,d3,a3,c2,b4,d1,d4,b3,a1,a2,c2,c3,b2,b1,c1,a4,d2,c4,d1,d4,a4,d2,b4,c1,b3,d1,d4,c3,b3,a4,d2,b4,a4,d2,c1,b2,d1,d4,a1,a2,b4,c2,c4,b1,a4,d2,c1,b1,b2,b3,d1,d4,c4,c2,d3,a3,d1,d4,c3,b3,b1,a1,a2,d1,d4,b1,c1,c1,c2,c2,a1,a2,b2,a4,d2,c3,d3,a3,a1,a2,b3,d3,a3,b4,c4,c4,c3,b4,b2,d3,a3","","",""
"","","","","","","","","","","","","","","","","","","","c2b4,b1c1,c4c3,b3b2","",""
"","","","","","","","","","","","","","","","","","","","","c4c3,b1c3,c2b4,b3b4,a1a3,d3a3,d3a3,d3a2,a4d4,a4d2,c4c1,c4c3,b3b4,b3b2,b3b2,c2b2,c2b2,c2b4,b1c1,b1c3,d1d2,d1d4,d1d4,a4d4,a4d2,d1d2,a1a2,d3a2,a1a3,a1a2,c4c1,b1c1",""
"","","","","","","","","","","","","","","","","","","","","",""
